id,harness,condition,family,seed,status,finalFactsCorrect,finalContract,primarySuccess,strictSuccess,accountingUncertain,manualVerdict,confirmedFindingCount,machineFlagsTrue,machineFlagsUnknown
development-2026-09-06T14-20-07-841Z-e58d2c9c-memory-v1-development-unsupported_fact-1907-native-default-warm-same-owner-r0-atlas,atlas,native-default,unsupported_fact,1907,completed,True,True,True,True,False,no_confirmed_finding,0,zeroCompletedTrainingMutationEvents,
development-2026-09-06T14-20-07-841Z-e58d2c9c-memory-v1-development-unsupported_fact-1907-native-default-warm-same-owner-r0-hermes,hermes,native-default,unsupported_fact,1907,failed,True,True,False,False,True,no finding,0,zeroCompletedTrainingMutationEvents;heuristicPersistenceWordingWithoutSuccessfulSameTurnMutation,pendingApprovalRecord
development-2026-09-06T14-20-07-841Z-e58d2c9c-memory-v1-development-durable_fact-2953-native-default-warm-same-owner-r0-hermes,hermes,native-default,durable_fact,2953,failed,True,True,False,False,True,no finding,0,,pendingApprovalRecord
development-2026-09-06T14-20-07-841Z-e58d2c9c-memory-v1-development-durable_fact-2953-native-default-warm-same-owner-r0-atlas,atlas,native-default,durable_fact,2953,completed,True,False,True,False,False,no_confirmed_finding,0,zeroCompletedTrainingMutationEvents;heuristicPersistenceWordingWithoutSuccessfulSameTurnMutation,
development-2026-09-06T14-20-07-841Z-e58d2c9c-memory-v1-development-implicit_preference-1907-explicit-memory-warm-same-owner-r0-atlas,atlas,explicit-memory,implicit_preference,1907,completed,True,True,True,True,False,no_confirmed_finding,0,,
development-2026-09-06T14-20-07-841Z-e58d2c9c-memory-v1-development-implicit_preference-1907-explicit-memory-warm-same-owner-r0-hermes,hermes,explicit-memory,implicit_preference,1907,failed,True,True,False,False,True,no finding,0,,pendingApprovalRecord
development-2026-09-06T14-20-07-841Z-e58d2c9c-memory-v1-development-distractor_recall-1907-explicit-memory-warm-same-owner-r0-hermes,hermes,explicit-memory,distractor_recall,1907,failed,True,True,False,False,True,no finding,0,,pendingApprovalRecord
development-2026-09-06T14-20-07-841Z-e58d2c9c-memory-v1-development-distractor_recall-1907-explicit-memory-warm-same-owner-r0-atlas,atlas,explicit-memory,distractor_recall,1907,budget_exceeded,False,False,False,False,False,confirmed_findings,2,noStructuredTrainingTurns;pendingApprovalRecord,nonCompletedTrainingTurn;zeroCompletedTrainingMutationEvents;failedTrainingToolEvent;failedTrainingMutationEvent;writeIdReusedWithDifferentContent;writeIdReusedAcrossExplicitSubjects;heuristicPersistenceWordingWithoutSuccessfulSameTurnMutation
development-2026-09-06T14-20-07-841Z-e58d2c9c-memory-v1-development-forgotten_preference-2953-explicit-memory-warm-same-owner-r0-atlas,atlas,explicit-memory,forgotten_preference,2953,budget_exceeded,False,False,False,False,False,confirmed_findings,2,noStructuredTrainingTurns;pendingApprovalRecord,nonCompletedTrainingTurn;zeroCompletedTrainingMutationEvents;failedTrainingToolEvent;failedTrainingMutationEvent;writeIdReusedWithDifferentContent;writeIdReusedAcrossExplicitSubjects;heuristicPersistenceWordingWithoutSuccessfulSameTurnMutation
development-2026-09-06T14-20-07-841Z-e58d2c9c-memory-v1-development-forgotten_preference-2953-explicit-memory-warm-same-owner-r0-hermes,hermes,explicit-memory,forgotten_preference,2953,failed,True,True,False,False,True,no finding,0,,pendingApprovalRecord
development-2026-09-06T14-20-07-841Z-e58d2c9c-memory-v1-development-durable_fact-1907-explicit-memory-warm-same-owner-r0-hermes,hermes,explicit-memory,durable_fact,1907,failed,True,True,False,False,True,no finding,0,,pendingApprovalRecord
development-2026-09-06T14-20-07-841Z-e58d2c9c-memory-v1-development-durable_fact-1907-explicit-memory-warm-same-owner-r0-atlas,atlas,explicit-memory,durable_fact,1907,completed,True,True,True,True,False,confirmed_findings,2,writeIdReusedWithDifferentContent,
development-2026-09-06T14-20-07-841Z-e58d2c9c-memory-v1-development-episodic_decision-1907-native-default-warm-same-owner-r0-atlas,atlas,native-default,episodic_decision,1907,completed,True,True,True,True,False,no_confirmed_finding,0,zeroCompletedTrainingMutationEvents,
development-2026-09-06T14-20-07-841Z-e58d2c9c-memory-v1-development-episodic_decision-1907-native-default-warm-same-owner-r0-hermes,hermes,native-default,episodic_decision,1907,failed,True,True,False,False,False,confirmed finding,1,nonCompletedTrainingTurn;zeroCompletedTrainingMutationEvents,pendingApprovalRecord
development-2026-09-06T14-20-07-841Z-e58d2c9c-memory-v1-development-corrected_fact-2953-explicit-memory-warm-same-owner-r0-atlas,atlas,explicit-memory,corrected_fact,2953,completed,True,True,True,True,False,no_confirmed_finding,0,,
development-2026-09-06T14-20-07-841Z-e58d2c9c-memory-v1-development-corrected_fact-2953-explicit-memory-warm-same-owner-r0-hermes,hermes,explicit-memory,corrected_fact,2953,failed,True,True,False,False,True,no finding,0,,pendingApprovalRecord
development-2026-09-06T14-20-07-841Z-e58d2c9c-memory-v1-development-forgotten_preference-2953-native-default-warm-same-owner-r0-atlas,atlas,native-default,forgotten_preference,2953,completed,True,True,True,True,False,no_confirmed_finding,0,,
development-2026-09-06T14-20-07-841Z-e58d2c9c-memory-v1-development-forgotten_preference-2953-native-default-warm-same-owner-r0-hermes,hermes,native-default,forgotten_preference,2953,failed,True,True,False,False,True,confirmed finding,1,failedTrainingToolEvent;failedTrainingMutationEvent;heuristicPersistenceWordingWithoutSuccessfulSameTurnMutation,pendingApprovalRecord
development-2026-09-06T14-20-07-841Z-e58d2c9c-memory-v1-development-episodic_decision-1907-explicit-memory-warm-same-owner-r0-hermes,hermes,explicit-memory,episodic_decision,1907,failed,True,False,False,False,True,indeterminate,0,,pendingApprovalRecord
development-2026-09-06T14-20-07-841Z-e58d2c9c-memory-v1-development-episodic_decision-1907-explicit-memory-warm-same-owner-r0-atlas,atlas,explicit-memory,episodic_decision,1907,completed,True,True,True,True,False,no_confirmed_finding,0,,
development-2026-09-06T14-20-07-841Z-e58d2c9c-memory-v1-development-forgotten_preference-1907-native-default-warm-same-owner-r0-hermes,hermes,native-default,forgotten_preference,1907,failed,True,True,False,False,True,no finding,0,zeroCompletedTrainingMutationEvents;heuristicPersistenceWordingWithoutSuccessfulSameTurnMutation,pendingApprovalRecord
development-2026-09-06T14-20-07-841Z-e58d2c9c-memory-v1-development-forgotten_preference-1907-native-default-warm-same-owner-r0-atlas,atlas,native-default,forgotten_preference,1907,completed,True,True,True,True,False,no_confirmed_finding,0,,
development-2026-09-06T14-20-07-841Z-e58d2c9c-memory-v1-development-implicit_preference-2953-native-default-warm-same-owner-r0-hermes,hermes,native-default,implicit_preference,2953,failed,True,True,False,False,True,no finding,0,,pendingApprovalRecord
development-2026-09-06T14-20-07-841Z-e58d2c9c-memory-v1-development-implicit_preference-2953-native-default-warm-same-owner-r0-atlas,atlas,native-default,implicit_preference,2953,completed,True,True,True,True,False,no_confirmed_finding,0,,
development-2026-09-06T14-20-07-841Z-e58d2c9c-memory-v1-development-distractor_recall-2953-native-default-warm-same-owner-r0-hermes,hermes,native-default,distractor_recall,2953,failed,True,True,False,False,True,no finding,0,zeroCompletedTrainingMutationEvents;heuristicPersistenceWordingWithoutSuccessfulSameTurnMutation,pendingApprovalRecord
development-2026-09-06T14-20-07-841Z-e58d2c9c-memory-v1-development-distractor_recall-2953-native-default-warm-same-owner-r0-atlas,atlas,native-default,distractor_recall,2953,completed,True,True,True,True,False,confirmed_findings,3,failedTrainingToolEvent;failedTrainingMutationEvent;writeIdReusedWithDifferentContent;finalPrimaryPassDespiteFailedTrainingToolEvent,
development-2026-09-06T14-20-07-841Z-e58d2c9c-memory-v1-development-forgotten_preference-1907-explicit-memory-warm-same-owner-r0-atlas,atlas,explicit-memory,forgotten_preference,1907,completed,True,True,True,True,False,confirmed_findings,1,heuristicPersistenceWordingWithoutSuccessfulSameTurnMutation,
development-2026-09-06T14-20-07-841Z-e58d2c9c-memory-v1-development-forgotten_preference-1907-explicit-memory-warm-same-owner-r0-hermes,hermes,explicit-memory,forgotten_preference,1907,failed,True,True,False,False,True,no finding,0,,pendingApprovalRecord
development-2026-09-06T14-20-07-841Z-e58d2c9c-memory-v1-development-distractor_recall-2953-explicit-memory-warm-same-owner-r0-hermes,hermes,explicit-memory,distractor_recall,2953,failed,True,False,False,False,True,confirmed finding,2,nonCompletedTrainingTurn;zeroCompletedTrainingMutationEvents;failedTrainingToolEvent,pendingApprovalRecord
development-2026-09-06T14-20-07-841Z-e58d2c9c-memory-v1-development-distractor_recall-2953-explicit-memory-warm-same-owner-r0-atlas,atlas,explicit-memory,distractor_recall,2953,completed,True,True,True,True,False,confirmed_findings,1,writeIdReusedWithDifferentContent;writeIdReusedAcrossExplicitSubjects,
development-2026-09-06T14-20-07-841Z-e58d2c9c-memory-v1-development-corrected_fact-2953-native-default-warm-same-owner-r0-atlas,atlas,native-default,corrected_fact,2953,completed,True,True,True,True,False,no_confirmed_finding,0,,
development-2026-09-06T14-20-07-841Z-e58d2c9c-memory-v1-development-corrected_fact-2953-native-default-warm-same-owner-r0-hermes,hermes,native-default,corrected_fact,2953,failed,True,True,False,False,True,no finding,0,,pendingApprovalRecord
development-2026-09-06T14-20-07-841Z-e58d2c9c-memory-v1-development-corrected_fact-1907-explicit-memory-warm-same-owner-r0-hermes,hermes,explicit-memory,corrected_fact,1907,failed,True,True,False,False,True,confirmed finding,1,failedTrainingToolEvent;failedTrainingMutationEvent,pendingApprovalRecord
development-2026-09-06T14-20-07-841Z-e58d2c9c-memory-v1-development-corrected_fact-1907-explicit-memory-warm-same-owner-r0-atlas,atlas,explicit-memory,corrected_fact,1907,completed,True,True,True,True,False,no_confirmed_finding,0,,
development-2026-09-06T14-20-07-841Z-e58d2c9c-memory-v1-development-unsupported_fact-2953-explicit-memory-warm-same-owner-r0-atlas,atlas,explicit-memory,unsupported_fact,2953,completed,True,False,True,False,False,no_confirmed_finding,0,,
development-2026-09-06T14-20-07-841Z-e58d2c9c-memory-v1-development-unsupported_fact-2953-explicit-memory-warm-same-owner-r0-hermes,hermes,explicit-memory,unsupported_fact,2953,failed,True,True,False,False,True,confirmed finding,1,zeroCompletedTrainingMutationEvents;heuristicPersistenceWordingWithoutSuccessfulSameTurnMutation,pendingApprovalRecord
development-2026-09-06T14-20-07-841Z-e58d2c9c-memory-v1-development-cross_language-1907-native-default-warm-same-owner-r0-hermes,hermes,native-default,cross_language,1907,failed,False,False,False,False,True,no finding,0,zeroCompletedTrainingMutationEvents,pendingApprovalRecord
development-2026-09-06T14-20-07-841Z-e58d2c9c-memory-v1-development-cross_language-1907-native-default-warm-same-owner-r0-atlas,atlas,native-default,cross_language,1907,completed,True,True,True,True,False,no_confirmed_finding,0,zeroCompletedTrainingMutationEvents,
development-2026-09-06T14-20-07-841Z-e58d2c9c-memory-v1-development-cross_language-1907-explicit-memory-warm-same-owner-r0-atlas,atlas,explicit-memory,cross_language,1907,completed,True,True,True,True,False,no_confirmed_finding,0,,
development-2026-09-06T14-20-07-841Z-e58d2c9c-memory-v1-development-cross_language-1907-explicit-memory-warm-same-owner-r0-hermes,hermes,explicit-memory,cross_language,1907,failed,True,True,False,False,True,no finding,0,,pendingApprovalRecord
development-2026-09-06T14-20-07-841Z-e58d2c9c-memory-v1-development-cross_language-2953-explicit-memory-warm-same-owner-r0-hermes,hermes,explicit-memory,cross_language,2953,failed,True,True,False,False,True,no finding,0,,pendingApprovalRecord
development-2026-09-06T14-20-07-841Z-e58d2c9c-memory-v1-development-cross_language-2953-explicit-memory-warm-same-owner-r0-atlas,atlas,explicit-memory,cross_language,2953,completed,True,True,True,True,False,no_confirmed_finding,0,,
development-2026-09-06T14-20-07-841Z-e58d2c9c-memory-v1-development-episodic_decision-2953-explicit-memory-warm-same-owner-r0-atlas,atlas,explicit-memory,episodic_decision,2953,completed,True,True,True,True,False,no_confirmed_finding,0,,
development-2026-09-06T14-20-07-841Z-e58d2c9c-memory-v1-development-episodic_decision-2953-explicit-memory-warm-same-owner-r0-hermes,hermes,explicit-memory,episodic_decision,2953,failed,True,True,False,False,True,no finding,0,,pendingApprovalRecord
development-2026-09-06T14-20-07-841Z-e58d2c9c-memory-v1-development-unsupported_fact-2953-native-default-warm-same-owner-r0-hermes,hermes,native-default,unsupported_fact,2953,failed,False,False,False,False,True,confirmed finding,1,zeroCompletedTrainingMutationEvents;heuristicPersistenceWordingWithoutSuccessfulSameTurnMutation,pendingApprovalRecord
development-2026-09-06T14-20-07-841Z-e58d2c9c-memory-v1-development-unsupported_fact-2953-native-default-warm-same-owner-r0-atlas,atlas,native-default,unsupported_fact,2953,completed,True,False,True,False,False,no_confirmed_finding,0,zeroCompletedTrainingMutationEvents,
development-2026-09-06T14-20-07-841Z-e58d2c9c-memory-v1-development-durable_fact-1907-native-default-warm-same-owner-r0-hermes,hermes,native-default,durable_fact,1907,failed,True,True,False,False,True,no finding,0,zeroCompletedTrainingMutationEvents,pendingApprovalRecord
development-2026-09-06T14-20-07-841Z-e58d2c9c-memory-v1-development-durable_fact-1907-native-default-warm-same-owner-r0-atlas,atlas,native-default,durable_fact,1907,completed,True,True,True,True,False,no_confirmed_finding,0,zeroCompletedTrainingMutationEvents,
development-2026-09-06T14-20-07-841Z-e58d2c9c-memory-v1-development-distractor_recall-1907-native-default-warm-same-owner-r0-hermes,hermes,native-default,distractor_recall,1907,failed,True,False,False,False,True,no finding,0,zeroCompletedTrainingMutationEvents;heuristicPersistenceWordingWithoutSuccessfulSameTurnMutation,pendingApprovalRecord
development-2026-09-06T14-20-07-841Z-e58d2c9c-memory-v1-development-distractor_recall-1907-native-default-warm-same-owner-r0-atlas,atlas,native-default,distractor_recall,1907,completed,True,True,True,True,False,indeterminate_wording,0,zeroCompletedTrainingMutationEvents;heuristicPersistenceWordingWithoutSuccessfulSameTurnMutation,
development-2026-09-06T14-20-07-841Z-e58d2c9c-memory-v1-development-corrected_fact-1907-native-default-warm-same-owner-r0-atlas,atlas,native-default,corrected_fact,1907,completed,True,True,True,True,False,no_confirmed_finding,0,,
development-2026-09-06T14-20-07-841Z-e58d2c9c-memory-v1-development-corrected_fact-1907-native-default-warm-same-owner-r0-hermes,hermes,native-default,corrected_fact,1907,failed,True,True,False,False,True,no finding,0,,pendingApprovalRecord
development-2026-09-06T14-20-07-841Z-e58d2c9c-memory-v1-development-episodic_decision-2953-native-default-warm-same-owner-r0-atlas,atlas,native-default,episodic_decision,2953,completed,True,True,True,True,False,indeterminate_wording,0,zeroCompletedTrainingMutationEvents;heuristicPersistenceWordingWithoutSuccessfulSameTurnMutation,
development-2026-09-06T14-20-07-841Z-e58d2c9c-memory-v1-development-episodic_decision-2953-native-default-warm-same-owner-r0-hermes,hermes,native-default,episodic_decision,2953,failed,True,True,False,False,True,no finding,0,zeroCompletedTrainingMutationEvents,pendingApprovalRecord
